{
  "total_adl_events": 34983,
  "counterparty_rate": 1.0,
  "highlighted_adl": {
    "coin": "ETH",
    "timestamp": "2025-10-10T21:17:06.037000+00:00",
    "notional_usd": 174176486.11547998,
    "real_time_account_value": 113407181.018258,
    "real_time_equity": 147432877.35378802,
    "unrealized_pnl_percent": 21.84376053015839,
    "liquidations_same_timestamp": 265,
    "adl_fill_count_same_timestamp": 0
  }
}