{
  "liquidations": {
    "events": 63637,
    "notional": 5511042925.053063,
    "pnl": -607907145.4298131
  },
  "adl": {
    "events": 34983,
    "notional": 2103111430.8593292,
    "pnl": 834295749.2925129
  },
  "total": {
    "events": 98620,
    "notional": 7614154355.912393
  },
  "top_combined_tickers": {
    "BTC": {
      "liquidations": 1789607763.72,
      "adl": 620890947.73,
      "total": 2410498711.45
    },
    "ETH": {
      "liquidations": 1058159258.96,
      "adl": 458008925.03,
      "total": 1516168183.99
    },
    "SOL": {
      "liquidations": 618098440.07,
      "adl": 276200960.58,
      "total": 894299400.65
    },
    "HYPE": {
      "liquidations": 492093329.21,
      "adl": 189932888.08,
      "total": 682026217.3
    },
    "XPL": {
      "liquidations": 178676124.42,
      "adl": 65849039.14,
      "total": 244525163.56
    },
    "PUMP": {
      "liquidations": 147483588.15,
      "adl": 57293422.02,
      "total": 204777010.17
    },
    "ENA": {
      "liquidations": 122705742.6,
      "adl": 42494476.47,
      "total": 165200219.07
    },
    "AVAX": {
      "liquidations": 105138452.68,
      "adl": 36642782.69,
      "total": 141781235.37
    },
    "XRP": {
      "liquidations": 83070003.27,
      "adl": 31422285.06,
      "total": 114492288.33
    },
    "ASTER": {
      "liquidations": 86368569.61,
      "adl": 27183535.68,
      "total": 113552105.29
    }
  }
}